"","area","structure_id_path"
"1","undefined","/997/"
"2","undefined","/997/8/"
"3","undefined","/997/8/567/"
"4","undefined","/997/8/567/688/"
"5","undefined","/997/8/567/688/695/"
"6","Cortex","/997/8/567/688/695/315/"
"7","Cortex","/997/8/567/688/695/315/184/"
"8","Cortex","/997/8/567/688/695/315/184/68/"
"9","Cortex","/997/8/567/688/695/315/184/667/"
"10","Cortex","/997/8/567/688/695/315/184/526157192/"
"11","Cortex","/997/8/567/688/695/315/184/526157196/"
"12","Cortex","/997/8/567/688/695/315/184/526322264/"
"13","Cortex","/997/8/567/688/695/315/500/"
"14","Cortex","/997/8/567/688/695/315/500/107/"
"15","Cortex","/997/8/567/688/695/315/500/219/"
"16","Cortex","/997/8/567/688/695/315/500/299/"
"17","Cortex","/997/8/567/688/695/315/500/644/"
"18","Cortex","/997/8/567/688/695/315/500/947/"
"19","Cortex","/997/8/567/688/695/315/500/985/"
"20","Cortex","/997/8/567/688/695/315/500/985/320/"
"21","Cortex","/997/8/567/688/695/315/500/985/943/"
"22","Cortex","/997/8/567/688/695/315/500/985/648/"
"23","Cortex","/997/8/567/688/695/315/500/985/844/"
"24","Cortex","/997/8/567/688/695/315/500/985/882/"
"25","Cortex","/997/8/567/688/695/315/500/993/"
"26","Cortex","/997/8/567/688/695/315/500/993/656/"
"27","Cortex","/997/8/567/688/695/315/500/993/962/"
"28","Cortex","/997/8/567/688/695/315/500/993/767/"
"29","Cortex","/997/8/567/688/695/315/500/993/1021/"
"30","Cortex","/997/8/567/688/695/315/500/993/1085/"
"31","Cortex","/997/8/567/688/695/315/453/"
"32","Cortex","/997/8/567/688/695/315/453/12993/"
"33","Cortex","/997/8/567/688/695/315/453/12994/"
"34","Cortex","/997/8/567/688/695/315/453/12995/"
"35","Cortex","/997/8/567/688/695/315/453/12996/"
"36","Cortex","/997/8/567/688/695/315/453/12997/"
"37","Cortex","/997/8/567/688/695/315/453/12998/"
"38","Cortex","/997/8/567/688/695/315/453/322/"
"39","Cortex","/997/8/567/688/695/315/453/322/793/"
"40","Cortex","/997/8/567/688/695/315/453/322/346/"
"41","Cortex","/997/8/567/688/695/315/453/322/865/"
"42","Cortex","/997/8/567/688/695/315/453/322/921/"
"43","Cortex","/997/8/567/688/695/315/453/322/686/"
"44","Cortex","/997/8/567/688/695/315/453/322/719/"
"45","Cortex","/997/8/567/688/695/315/453/322/353/"
"46","Cortex","/997/8/567/688/695/315/453/322/353/558/"
"47","Cortex","/997/8/567/688/695/315/453/322/353/838/"
"48","Cortex","/997/8/567/688/695/315/453/322/353/654/"
"49","Cortex","/997/8/567/688/695/315/453/322/353/702/"
"50","Cortex","/997/8/567/688/695/315/453/322/353/889/"
"51","Cortex","/997/8/567/688/695/315/453/322/353/929/"
"52","Cortex","/997/8/567/688/695/315/453/322/329/"
"53","Cortex","/997/8/567/688/695/315/453/322/329/981/"
"54","Cortex","/997/8/567/688/695/315/453/322/329/201/"
"55","Cortex","/997/8/567/688/695/315/453/322/329/1047/"
"56","Cortex","/997/8/567/688/695/315/453/322/329/1070/"
"57","Cortex","/997/8/567/688/695/315/453/322/329/1038/"
"58","Cortex","/997/8/567/688/695/315/453/322/329/1062/"
"59","Cortex","/997/8/567/688/695/315/453/322/329/480149202/"
"60","Cortex","/997/8/567/688/695/315/453/322/329/480149202/480149206/"
"61","Cortex","/997/8/567/688/695/315/453/322/329/480149202/480149210/"
"62","Cortex","/997/8/567/688/695/315/453/322/329/480149202/480149214/"
"63","Cortex","/997/8/567/688/695/315/453/322/329/480149202/480149218/"
"64","Cortex","/997/8/567/688/695/315/453/322/329/480149202/480149222/"
"65","Cortex","/997/8/567/688/695/315/453/322/329/480149202/480149226/"
"66","Cortex","/997/8/567/688/695/315/453/322/337/"
"67","Cortex","/997/8/567/688/695/315/453/322/337/1030/"
"68","Cortex","/997/8/567/688/695/315/453/322/337/113/"
"69","Cortex","/997/8/567/688/695/315/453/322/337/1094/"
"70","Cortex","/997/8/567/688/695/315/453/322/337/1128/"
"71","Cortex","/997/8/567/688/695/315/453/322/337/478/"
"72","Cortex","/997/8/567/688/695/315/453/322/337/510/"
"73","Cortex","/997/8/567/688/695/315/453/322/345/"
"74","Cortex","/997/8/567/688/695/315/453/322/345/878/"
"75","Cortex","/997/8/567/688/695/315/453/322/345/657/"
"76","Cortex","/997/8/567/688/695/315/453/322/345/950/"
"77","Cortex","/997/8/567/688/695/315/453/322/345/974/"
"78","Cortex","/997/8/567/688/695/315/453/322/345/1102/"
"79","Cortex","/997/8/567/688/695/315/453/322/345/2/"
"80","Cortex","/997/8/567/688/695/315/453/322/369/"
"81","Cortex","/997/8/567/688/695/315/453/322/369/450/"
"82","Cortex","/997/8/567/688/695/315/453/322/369/854/"
"83","Cortex","/997/8/567/688/695/315/453/322/369/577/"
"84","Cortex","/997/8/567/688/695/315/453/322/369/625/"
"85","Cortex","/997/8/567/688/695/315/453/322/369/945/"
"86","Cortex","/997/8/567/688/695/315/453/322/369/1026/"
"87","Cortex","/997/8/567/688/695/315/453/322/361/"
"88","Cortex","/997/8/567/688/695/315/453/322/361/1006/"
"89","Cortex","/997/8/567/688/695/315/453/322/361/670/"
"90","Cortex","/997/8/567/688/695/315/453/322/361/1086/"
"91","Cortex","/997/8/567/688/695/315/453/322/361/1111/"
"92","Cortex","/997/8/567/688/695/315/453/322/361/9/"
"93","Cortex","/997/8/567/688/695/315/453/322/361/461/"
"94","Cortex","/997/8/567/688/695/315/453/322/182305689/"
"95","Cortex","/997/8/567/688/695/315/453/322/182305689/182305693/"
"96","Cortex","/997/8/567/688/695/315/453/322/182305689/182305697/"
"97","Cortex","/997/8/567/688/695/315/453/322/182305689/182305701/"
"98","Cortex","/997/8/567/688/695/315/453/322/182305689/182305705/"
"99","Cortex","/997/8/567/688/695/315/453/322/182305689/182305709/"
"100","Cortex","/997/8/567/688/695/315/453/322/182305689/182305713/"
"101","Cortex","/997/8/567/688/695/315/453/378/"
"102","Cortex","/997/8/567/688/695/315/453/378/873/"
"103","Cortex","/997/8/567/688/695/315/453/378/806/"
"104","Cortex","/997/8/567/688/695/315/453/378/1035/"
"105","Cortex","/997/8/567/688/695/315/453/378/1090/"
"106","Cortex","/997/8/567/688/695/315/453/378/862/"
"107","Cortex","/997/8/567/688/695/315/453/378/893/"
"108","Cortex","/997/8/567/688/695/315/1057/"
"109","Cortex","/997/8/567/688/695/315/1057/36/"
"110","Cortex","/997/8/567/688/695/315/1057/180/"
"111","Cortex","/997/8/567/688/695/315/1057/148/"
"112","Cortex","/997/8/567/688/695/315/1057/187/"
"113","Cortex","/997/8/567/688/695/315/1057/638/"
"114","Cortex","/997/8/567/688/695/315/1057/662/"
"115","Cortex","/997/8/567/688/695/315/677/"
"116","Cortex","/997/8/567/688/695/315/677/897/"
"117","Cortex","/997/8/567/688/695/315/677/1106/"
"118","Cortex","/997/8/567/688/695/315/677/1010/"
"119","Cortex","/997/8/567/688/695/315/677/1058/"
"120","Cortex","/997/8/567/688/695/315/677/857/"
"121","Cortex","/997/8/567/688/695/315/677/849/"
"122","AUD","/997/8/567/688/695/315/247/"
"123","AUD","/997/8/567/688/695/315/247/1011/"
"124","AUD","/997/8/567/688/695/315/247/1011/527/"
"125","AUD","/997/8/567/688/695/315/247/1011/600/"
"126","AUD","/997/8/567/688/695/315/247/1011/678/"
"127","AUD","/997/8/567/688/695/315/247/1011/252/"
"128","AUD","/997/8/567/688/695/315/247/1011/156/"
"129","AUD","/997/8/567/688/695/315/247/1011/243/"
"130","AUD","/997/8/567/688/695/315/247/1011/480149230/"
"131","AUD","/997/8/567/688/695/315/247/1011/480149230/480149234/"
"132","AUD","/997/8/567/688/695/315/247/1011/480149230/480149238/"
"133","AUD","/997/8/567/688/695/315/247/1011/480149230/480149242/"
"134","AUD","/997/8/567/688/695/315/247/1011/480149230/480149246/"
"135","AUD","/997/8/567/688/695/315/247/1011/480149230/480149250/"
"136","AUD","/997/8/567/688/695/315/247/1011/480149230/480149254/"
"137","AUD","/997/8/567/688/695/315/247/1002/"
"138","AUD","/997/8/567/688/695/315/247/1002/735/"
"139","AUD","/997/8/567/688/695/315/247/1002/251/"
"140","AUD","/997/8/567/688/695/315/247/1002/816/"
"141","AUD","/997/8/567/688/695/315/247/1002/847/"
"142","AUD","/997/8/567/688/695/315/247/1002/954/"
"143","AUD","/997/8/567/688/695/315/247/1002/1005/"
"144","AUD","/997/8/567/688/695/315/247/1027/"
"145","AUD","/997/8/567/688/695/315/247/1027/696/"
"146","AUD","/997/8/567/688/695/315/247/1027/643/"
"147","AUD","/997/8/567/688/695/315/247/1027/759/"
"148","AUD","/997/8/567/688/695/315/247/1027/791/"
"149","AUD","/997/8/567/688/695/315/247/1027/249/"
"150","AUD","/997/8/567/688/695/315/247/1027/456/"
"151","AUD","/997/8/567/688/695/315/247/1018/"
"152","AUD","/997/8/567/688/695/315/247/1018/959/"
"153","AUD","/997/8/567/688/695/315/247/1018/755/"
"154","AUD","/997/8/567/688/695/315/247/1018/990/"
"155","AUD","/997/8/567/688/695/315/247/1018/1023/"
"156","AUD","/997/8/567/688/695/315/247/1018/520/"
"157","AUD","/997/8/567/688/695/315/247/1018/598/"
"158","Cortex","/997/8/567/688/695/315/669/"
"159","Cortex","/997/8/567/688/695/315/669/801/"
"160","Cortex","/997/8/567/688/695/315/669/561/"
"161","Cortex","/997/8/567/688/695/315/669/913/"
"162","Cortex","/997/8/567/688/695/315/669/937/"
"163","Cortex","/997/8/567/688/695/315/669/457/"
"164","Cortex","/997/8/567/688/695/315/669/497/"
"165","Cortex","/997/8/567/688/695/315/669/402/"
"166","Cortex","/997/8/567/688/695/315/669/402/1074/"
"167","Cortex","/997/8/567/688/695/315/669/402/905/"
"168","Cortex","/997/8/567/688/695/315/669/402/1114/"
"169","Cortex","/997/8/567/688/695/315/669/402/233/"
"170","Cortex","/997/8/567/688/695/315/669/402/601/"
"171","Cortex","/997/8/567/688/695/315/669/402/649/"
"172","Cortex","/997/8/567/688/695/315/669/394/"
"173","Cortex","/997/8/567/688/695/315/669/394/281/"
"174","Cortex","/997/8/567/688/695/315/669/394/1066/"
"175","Cortex","/997/8/567/688/695/315/669/394/401/"
"176","Cortex","/997/8/567/688/695/315/669/394/433/"
"177","Cortex","/997/8/567/688/695/315/669/394/1046/"
"178","Cortex","/997/8/567/688/695/315/669/394/441/"
"179","Cortex","/997/8/567/688/695/315/669/409/"
"180","Cortex","/997/8/567/688/695/315/669/409/421/"
"181","Cortex","/997/8/567/688/695/315/669/409/973/"
"182","Cortex","/997/8/567/688/695/315/669/409/573/"
"183","Cortex","/997/8/567/688/695/315/669/409/613/"
"184","Cortex","/997/8/567/688/695/315/669/409/74/"
"185","Cortex","/997/8/567/688/695/315/669/409/121/"
"186","Cortex","/997/8/567/688/695/315/669/385/"
"187","Cortex","/997/8/567/688/695/315/669/385/593/"
"188","Cortex","/997/8/567/688/695/315/669/385/821/"
"189","Cortex","/997/8/567/688/695/315/669/385/721/"
"190","Cortex","/997/8/567/688/695/315/669/385/778/"
"191","Cortex","/997/8/567/688/695/315/669/385/33/"
"192","Cortex","/997/8/567/688/695/315/669/385/305/"
"193","Cortex","/997/8/567/688/695/315/669/425/"
"194","Cortex","/997/8/567/688/695/315/669/425/750/"
"195","Cortex","/997/8/567/688/695/315/669/425/269/"
"196","Cortex","/997/8/567/688/695/315/669/425/869/"
"197","Cortex","/997/8/567/688/695/315/669/425/902/"
"198","Cortex","/997/8/567/688/695/315/669/425/377/"
"199","Cortex","/997/8/567/688/695/315/669/425/393/"
"200","Cortex","/997/8/567/688/695/315/669/533/"
"201","Cortex","/997/8/567/688/695/315/669/533/805/"
"202","Cortex","/997/8/567/688/695/315/669/533/41/"
"203","Cortex","/997/8/567/688/695/315/669/533/501/"
"204","Cortex","/997/8/567/688/695/315/669/533/565/"
"205","Cortex","/997/8/567/688/695/315/669/533/257/"
"206","Cortex","/997/8/567/688/695/315/669/533/469/"
"207","Cortex","/997/8/567/688/695/315/669/312782574/"
"208","Cortex","/997/8/567/688/695/315/669/312782574/312782578/"
"209","Cortex","/997/8/567/688/695/315/669/312782574/312782582/"
"210","Cortex","/997/8/567/688/695/315/669/312782574/312782586/"
"211","Cortex","/997/8/567/688/695/315/669/312782574/312782590/"
"212","Cortex","/997/8/567/688/695/315/669/312782574/312782594/"
"213","Cortex","/997/8/567/688/695/315/669/312782574/312782598/"
"214","Cortex","/997/8/567/688/695/315/669/312782628/"
"215","Cortex","/997/8/567/688/695/315/669/312782628/312782632/"
"216","Cortex","/997/8/567/688/695/315/669/312782628/312782636/"
"217","Cortex","/997/8/567/688/695/315/669/312782628/312782640/"
"218","Cortex","/997/8/567/688/695/315/669/312782628/312782644/"
"219","Cortex","/997/8/567/688/695/315/669/312782628/312782648/"
"220","Cortex","/997/8/567/688/695/315/669/312782628/312782652/"
"221","Cortex","/997/8/567/688/695/315/31/"
"222","Cortex","/997/8/567/688/695/315/31/572/"
"223","Cortex","/997/8/567/688/695/315/31/1053/"
"224","Cortex","/997/8/567/688/695/315/31/739/"
"225","Cortex","/997/8/567/688/695/315/31/179/"
"226","Cortex","/997/8/567/688/695/315/31/227/"
"227","Cortex","/997/8/567/688/695/315/31/39/"
"228","Cortex","/997/8/567/688/695/315/31/39/935/"
"229","Cortex","/997/8/567/688/695/315/31/39/211/"
"230","Cortex","/997/8/567/688/695/315/31/39/1015/"
"231","Cortex","/997/8/567/688/695/315/31/39/919/"
"232","Cortex","/997/8/567/688/695/315/31/39/927/"
"233","Cortex","/997/8/567/688/695/315/31/48/"
"234","Cortex","/997/8/567/688/695/315/31/48/588/"
"235","Cortex","/997/8/567/688/695/315/31/48/296/"
"236","Cortex","/997/8/567/688/695/315/31/48/772/"
"237","Cortex","/997/8/567/688/695/315/31/48/810/"
"238","Cortex","/997/8/567/688/695/315/31/48/819/"
"239","Cortex","/997/8/567/688/695/315/972/"
"240","Cortex","/997/8/567/688/695/315/972/171/"
"241","Cortex","/997/8/567/688/695/315/972/195/"
"242","Cortex","/997/8/567/688/695/315/972/304/"
"243","Cortex","/997/8/567/688/695/315/972/363/"
"244","Cortex","/997/8/567/688/695/315/972/84/"
"245","Cortex","/997/8/567/688/695/315/972/132/"
"246","Cortex","/997/8/567/688/695/315/44/"
"247","Cortex","/997/8/567/688/695/315/44/707/"
"248","Cortex","/997/8/567/688/695/315/44/747/"
"249","Cortex","/997/8/567/688/695/315/44/556/"
"250","Cortex","/997/8/567/688/695/315/44/827/"
"251","Cortex","/997/8/567/688/695/315/44/1054/"
"252","Cortex","/997/8/567/688/695/315/44/1081/"
"253","Cortex","/997/8/567/688/695/315/714/"
"254","Cortex","/997/8/567/688/695/315/714/264/"
"255","Cortex","/997/8/567/688/695/315/714/492/"
"256","Cortex","/997/8/567/688/695/315/714/352/"
"257","Cortex","/997/8/567/688/695/315/714/476/"
"258","Cortex","/997/8/567/688/695/315/714/516/"
"259","Cortex","/997/8/567/688/695/315/714/723/"
"260","Cortex","/997/8/567/688/695/315/714/723/448/"
"261","Cortex","/997/8/567/688/695/315/714/723/412/"
"262","Cortex","/997/8/567/688/695/315/714/723/630/"
"263","Cortex","/997/8/567/688/695/315/714/723/440/"
"264","Cortex","/997/8/567/688/695/315/714/723/488/"
"265","Cortex","/997/8/567/688/695/315/714/731/"
"266","Cortex","/997/8/567/688/695/315/714/731/484/"
"267","Cortex","/997/8/567/688/695/315/714/731/524/"
"268","Cortex","/997/8/567/688/695/315/714/731/582/"
"269","Cortex","/997/8/567/688/695/315/714/731/620/"
"270","Cortex","/997/8/567/688/695/315/714/731/910/"
"271","Cortex","/997/8/567/688/695/315/714/731/527696977/"
"272","Cortex","/997/8/567/688/695/315/714/738/"
"273","Cortex","/997/8/567/688/695/315/714/746/"
"274","Cortex","/997/8/567/688/695/315/714/746/969/"
"275","Cortex","/997/8/567/688/695/315/714/746/288/"
"276","Cortex","/997/8/567/688/695/315/714/746/1125/"
"277","Cortex","/997/8/567/688/695/315/714/746/608/"
"278","Cortex","/997/8/567/688/695/315/714/746/680/"
"279","Cortex","/997/8/567/688/695/315/95/"
"280","Cortex","/997/8/567/688/695/315/95/104/"
"281","Cortex","/997/8/567/688/695/315/95/104/996/"
"282","Cortex","/997/8/567/688/695/315/95/104/328/"
"283","Cortex","/997/8/567/688/695/315/95/104/1101/"
"284","Cortex","/997/8/567/688/695/315/95/104/783/"
"285","Cortex","/997/8/567/688/695/315/95/104/831/"
"286","Cortex","/997/8/567/688/695/315/95/111/"
"287","Cortex","/997/8/567/688/695/315/95/111/120/"
"288","Cortex","/997/8/567/688/695/315/95/111/163/"
"289","Cortex","/997/8/567/688/695/315/95/111/344/"
"290","Cortex","/997/8/567/688/695/315/95/111/314/"
"291","Cortex","/997/8/567/688/695/315/95/111/355/"
"292","Cortex","/997/8/567/688/695/315/95/119/"
"293","Cortex","/997/8/567/688/695/315/95/119/704/"
"294","Cortex","/997/8/567/688/695/315/95/119/694/"
"295","Cortex","/997/8/567/688/695/315/95/119/800/"
"296","Cortex","/997/8/567/688/695/315/95/119/675/"
"297","Cortex","/997/8/567/688/695/315/95/119/699/"
"298","Cortex","/997/8/567/688/695/315/254/"
"299","Cortex","/997/8/567/688/695/315/254/894/"
"300","Cortex","/997/8/567/688/695/315/254/894/671/"
"301","Cortex","/997/8/567/688/695/315/254/894/965/"
"302","Cortex","/997/8/567/688/695/315/254/894/774/"
"303","Cortex","/997/8/567/688/695/315/254/894/906/"
"304","Cortex","/997/8/567/688/695/315/254/894/279/"
"305","Cortex","/997/8/567/688/695/315/254/894/480149258/"
"306","Cortex","/997/8/567/688/695/315/254/894/480149258/480149262/"
"307","Cortex","/997/8/567/688/695/315/254/894/480149258/480149266/"
"308","Cortex","/997/8/567/688/695/315/254/894/480149258/480149270/"
"309","Cortex","/997/8/567/688/695/315/254/894/480149258/480149274/"
"310","Cortex","/997/8/567/688/695/315/254/894/480149258/480149278/"
"311","Cortex","/997/8/567/688/695/315/254/894/480149258/480149282/"
"312","Cortex","/997/8/567/688/695/315/254/894/480149286/"
"313","Cortex","/997/8/567/688/695/315/254/894/480149286/480149290/"
"314","Cortex","/997/8/567/688/695/315/254/894/480149286/480149294/"
"315","Cortex","/997/8/567/688/695/315/254/894/480149286/480149298/"
"316","Cortex","/997/8/567/688/695/315/254/894/480149286/480149302/"
"317","Cortex","/997/8/567/688/695/315/254/894/480149286/480149306/"
"318","Cortex","/997/8/567/688/695/315/254/894/480149286/480149310/"
"319","Cortex","/997/8/567/688/695/315/254/894/480149314/"
"320","Cortex","/997/8/567/688/695/315/254/894/480149314/480149318/"
"321","Cortex","/997/8/567/688/695/315/254/894/480149314/480149322/"
"322","Cortex","/997/8/567/688/695/315/254/894/480149314/480149326/"
"323","Cortex","/997/8/567/688/695/315/254/894/480149314/480149330/"
"324","Cortex","/997/8/567/688/695/315/254/894/480149314/480149334/"
"325","Cortex","/997/8/567/688/695/315/254/894/480149314/480149338/"
"326","Cortex","/997/8/567/688/695/315/254/879/"
"327","Cortex","/997/8/567/688/695/315/254/879/442/"
"328","Cortex","/997/8/567/688/695/315/254/879/434/"
"329","Cortex","/997/8/567/688/695/315/254/879/545/"
"330","Cortex","/997/8/567/688/695/315/254/879/610/"
"331","Cortex","/997/8/567/688/695/315/254/879/274/"
"332","Cortex","/997/8/567/688/695/315/254/879/330/"
"333","Cortex","/997/8/567/688/695/315/254/886/"
"334","Cortex","/997/8/567/688/695/315/254/886/542/"
"335","Cortex","/997/8/567/688/695/315/254/886/606/"
"336","Cortex","/997/8/567/688/695/315/254/886/430/"
"337","Cortex","/997/8/567/688/695/315/254/886/687/"
"338","Cortex","/997/8/567/688/695/315/254/886/590/"
"339","Cortex","/997/8/567/688/695/315/254/886/622/"
"340","Cortex","/997/8/567/688/695/315/22/"
"341","Cortex","/997/8/567/688/695/315/22/532/"
"342","Cortex","/997/8/567/688/695/315/22/241/"
"343","Cortex","/997/8/567/688/695/315/22/635/"
"344","Cortex","/997/8/567/688/695/315/22/683/"
"345","Cortex","/997/8/567/688/695/315/22/308/"
"346","Cortex","/997/8/567/688/695/315/22/340/"
"347","Cortex","/997/8/567/688/695/315/22/312782546/"
"348","Cortex","/997/8/567/688/695/315/22/312782546/312782550/"
"349","Cortex","/997/8/567/688/695/315/22/312782546/312782554/"
"350","Cortex","/997/8/567/688/695/315/22/312782546/312782558/"
"351","Cortex","/997/8/567/688/695/315/22/312782546/312782562/"
"352","Cortex","/997/8/567/688/695/315/22/312782546/312782566/"
"353","Cortex","/997/8/567/688/695/315/22/312782546/312782570/"
"354","Cortex","/997/8/567/688/695/315/22/417/"
"355","Cortex","/997/8/567/688/695/315/22/417/312782604/"
"356","Cortex","/997/8/567/688/695/315/22/417/312782608/"
"357","Cortex","/997/8/567/688/695/315/22/417/312782612/"
"358","Cortex","/997/8/567/688/695/315/22/417/312782616/"
"359","Cortex","/997/8/567/688/695/315/22/417/312782620/"
"360","Cortex","/997/8/567/688/695/315/22/417/312782624/"
"361","AUD","/997/8/567/688/695/315/541/"
"362","AUD","/997/8/567/688/695/315/541/97/"
"363","AUD","/997/8/567/688/695/315/541/1127/"
"364","AUD","/997/8/567/688/695/315/541/234/"
"365","AUD","/997/8/567/688/695/315/541/289/"
"366","AUD","/997/8/567/688/695/315/541/729/"
"367","AUD","/997/8/567/688/695/315/541/786/"
"368","Cortex","/997/8/567/688/695/315/922/"
"369","Cortex","/997/8/567/688/695/315/922/540/"
"370","Cortex","/997/8/567/688/695/315/922/888/"
"371","Cortex","/997/8/567/688/695/315/922/692/"
"372","Cortex","/997/8/567/688/695/315/922/335/"
"373","Cortex","/997/8/567/688/695/315/922/368/"
"374","Cortex","/997/8/567/688/695/315/895/"
"375","Cortex","/997/8/567/688/695/315/895/836/"
"376","Cortex","/997/8/567/688/695/315/895/427/"
"377","Cortex","/997/8/567/688/695/315/895/988/"
"378","Cortex","/997/8/567/688/695/315/895/977/"
"379","Cortex","/997/8/567/688/695/315/895/1045/"
"380","undefined","/997/8/567/688/695/698/"
"381","undefined","/997/8/567/688/695/698/507/"
"382","undefined","/997/8/567/688/695/698/507/212/"
"383","undefined","/997/8/567/688/695/698/507/220/"
"384","undefined","/997/8/567/688/695/698/507/228/"
"385","undefined","/997/8/567/688/695/698/507/236/"
"386","undefined","/997/8/567/688/695/698/507/244/"
"387","undefined","/997/8/567/688/695/698/151/"
"388","undefined","/997/8/567/688/695/698/151/188/"
"389","undefined","/997/8/567/688/695/698/151/196/"
"390","undefined","/997/8/567/688/695/698/151/204/"
"391","undefined","/997/8/567/688/695/698/159/"
"392","undefined","/997/8/567/688/695/698/159/167/"
"393","undefined","/997/8/567/688/695/698/159/175/"
"394","undefined","/997/8/567/688/695/698/159/183/"
"395","undefined","/997/8/567/688/695/698/159/191/"
"396","undefined","/997/8/567/688/695/698/159/199/"
"397","undefined","/997/8/567/688/695/698/159/160/"
"398","undefined","/997/8/567/688/695/698/159/168/"
"399","undefined","/997/8/567/688/695/698/589/"
"400","undefined","/997/8/567/688/695/698/589/597/"
"401","undefined","/997/8/567/688/695/698/589/597/297/"
"402","undefined","/997/8/567/688/695/698/589/597/1034/"
"403","undefined","/997/8/567/688/695/698/589/597/1042/"
"404","undefined","/997/8/567/688/695/698/589/597/1050/"
"405","undefined","/997/8/567/688/695/698/589/597/1059/"
"406","undefined","/997/8/567/688/695/698/589/605/"
"407","undefined","/997/8/567/688/695/698/589/605/306/"
"408","undefined","/997/8/567/688/695/698/589/605/1067/"
"409","undefined","/997/8/567/688/695/698/589/605/1075/"
"410","undefined","/997/8/567/688/695/698/589/605/1082/"
"411","undefined","/997/8/567/688/695/698/814/"
"412","undefined","/997/8/567/688/695/698/814/496/"
"413","undefined","/997/8/567/688/695/698/814/535/"
"414","undefined","/997/8/567/688/695/698/814/360/"
"415","undefined","/997/8/567/688/695/698/814/646/"
"416","undefined","/997/8/567/688/695/698/814/267/"
"417","undefined","/997/8/567/688/695/698/961/"
"418","undefined","/997/8/567/688/695/698/961/152/"
"419","undefined","/997/8/567/688/695/698/961/276/"
"420","undefined","/997/8/567/688/695/698/961/284/"
"421","undefined","/997/8/567/688/695/698/961/291/"
"422","undefined","/997/8/567/688/695/698/619/"
"423","undefined","/997/8/567/688/695/698/619/392/"
"424","undefined","/997/8/567/688/695/698/619/260/"
"425","undefined","/997/8/567/688/695/698/619/268/"
"426","undefined","/997/8/567/688/695/698/619/1139/"
"427","undefined","/997/8/567/688/695/698/631/"
"428","undefined","/997/8/567/688/695/698/631/639/"
"429","undefined","/997/8/567/688/695/698/631/639/192/"
"430","undefined","/997/8/567/688/695/698/631/639/200/"
"431","undefined","/997/8/567/688/695/698/631/639/208/"
"432","undefined","/997/8/567/688/695/698/631/647/"
"433","undefined","/997/8/567/688/695/698/631/647/655/"
"434","undefined","/997/8/567/688/695/698/631/647/655/584/"
"435","undefined","/997/8/567/688/695/698/631/647/655/376/"
"436","undefined","/997/8/567/688/695/698/631/647/655/216/"
"437","undefined","/997/8/567/688/695/698/631/647/655/224/"
"438","undefined","/997/8/567/688/695/698/631/647/655/232/"
"439","undefined","/997/8/567/688/695/698/631/647/663/"
"440","undefined","/997/8/567/688/695/698/631/647/663/592/"
"441","undefined","/997/8/567/688/695/698/631/647/663/383/"
"442","undefined","/997/8/567/688/695/698/631/647/663/240/"
"443","undefined","/997/8/567/688/695/698/631/647/663/248/"
"444","undefined","/997/8/567/688/695/698/631/647/663/256/"
"445","undefined","/997/8/567/688/695/698/788/"
"446","undefined","/997/8/567/688/695/698/788/400/"
"447","undefined","/997/8/567/688/695/698/788/408/"
"448","undefined","/997/8/567/688/695/698/788/416/"
"449","undefined","/997/8/567/688/695/698/788/424/"
"450","undefined","/997/8/567/688/695/698/566/"
"451","undefined","/997/8/567/688/695/698/566/517/"
"452","undefined","/997/8/567/688/695/698/566/1140/"
"453","undefined","/997/8/567/688/695/698/566/1141/"
"454","undefined","/997/8/567/688/695/698/566/1142/"
"455","HIP","/997/8/567/688/695/1089/"
"456","HIP","/997/8/567/688/695/1089/1080/"
"457","HIP","/997/8/567/688/695/1089/1080/375/"
"458","HIP","/997/8/567/688/695/1089/1080/375/382/"
"459","HIP","/997/8/567/688/695/1089/1080/375/382/391/"
"460","HIP","/997/8/567/688/695/1089/1080/375/382/399/"
"461","HIP","/997/8/567/688/695/1089/1080/375/382/407/"
"462","HIP","/997/8/567/688/695/1089/1080/375/382/415/"
"463","HIP","/997/8/567/688/695/1089/1080/375/423/"
"464","HIP","/997/8/567/688/695/1089/1080/375/423/431/"
"465","HIP","/997/8/567/688/695/1089/1080/375/423/438/"
"466","HIP","/997/8/567/688/695/1089/1080/375/423/446/"
"467","HIP","/997/8/567/688/695/1089/1080/375/423/454/"
"468","HIP","/997/8/567/688/695/1089/1080/375/463/"
"469","HIP","/997/8/567/688/695/1089/1080/375/463/471/"
"470","HIP","/997/8/567/688/695/1089/1080/375/463/479/"
"471","HIP","/997/8/567/688/695/1089/1080/375/463/486/"
"472","HIP","/997/8/567/688/695/1089/1080/375/463/495/"
"473","HIP","/997/8/567/688/695/1089/1080/375/463/504/"
"474","HIP","/997/8/567/688/695/1089/1080/726/"
"475","HIP","/997/8/567/688/695/1089/1080/726/10703/"
"476","HIP","/997/8/567/688/695/1089/1080/726/10704/"
"477","HIP","/997/8/567/688/695/1089/1080/726/632/"
"478","HIP","/997/8/567/688/695/1089/1080/726/10702/"
"479","HIP","/997/8/567/688/695/1089/1080/726/734/"
"480","HIP","/997/8/567/688/695/1089/1080/726/734/742/"
"481","HIP","/997/8/567/688/695/1089/1080/726/734/751/"
"482","HIP","/997/8/567/688/695/1089/1080/726/734/758/"
"483","HIP","/997/8/567/688/695/1089/1080/726/766/"
"484","HIP","/997/8/567/688/695/1089/1080/726/766/775/"
"485","HIP","/997/8/567/688/695/1089/1080/726/766/782/"
"486","HIP","/997/8/567/688/695/1089/1080/726/766/790/"
"487","HIP","/997/8/567/688/695/1089/1080/726/799/"
"488","HIP","/997/8/567/688/695/1089/1080/726/799/807/"
"489","HIP","/997/8/567/688/695/1089/1080/726/799/815/"
"490","HIP","/997/8/567/688/695/1089/1080/726/799/823/"
"491","HIP","/997/8/567/688/695/1089/1080/982/"
"492","HIP","/997/8/567/688/695/1089/1080/19/"
"493","HIP","/997/8/567/688/695/1089/822/"
"494","HIP","/997/8/567/688/695/1089/822/909/"
"495","HIP","/997/8/567/688/695/1089/822/909/918/"
"496","HIP","/997/8/567/688/695/1089/822/909/918/1121/"
"497","HIP","/997/8/567/688/695/1089/822/909/918/20/"
"498","HIP","/997/8/567/688/695/1089/822/909/918/999/"
"499","HIP","/997/8/567/688/695/1089/822/909/918/715/"
"500","HIP","/997/8/567/688/695/1089/822/909/918/764/"
"501","HIP","/997/8/567/688/695/1089/822/909/918/52/"
"502","HIP","/997/8/567/688/695/1089/822/909/918/92/"
"503","HIP","/997/8/567/688/695/1089/822/909/918/312/"
"504","HIP","/997/8/567/688/695/1089/822/909/918/139/"
"505","HIP","/997/8/567/688/695/1089/822/909/918/387/"
"506","HIP","/997/8/567/688/695/1089/822/909/918/28/"
"507","HIP","/997/8/567/688/695/1089/822/909/918/60/"
"508","HIP","/997/8/567/688/695/1089/822/909/926/"
"509","HIP","/997/8/567/688/695/1089/822/909/926/526/"
"510","HIP","/997/8/567/688/695/1089/822/909/926/543/"
"511","HIP","/997/8/567/688/695/1089/822/909/926/468/"
"512","HIP","/997/8/567/688/695/1089/822/909/926/508/"
"513","HIP","/997/8/567/688/695/1089/822/909/926/664/"
"514","HIP","/997/8/567/688/695/1089/822/909/926/712/"
"515","HIP","/997/8/567/688/695/1089/822/909/926/727/"
"516","HIP","/997/8/567/688/695/1089/822/909/926/550/"
"517","HIP","/997/8/567/688/695/1089/822/909/926/743/"
"518","HIP","/997/8/567/688/695/1089/822/909/934/"
"519","HIP","/997/8/567/688/695/1089/822/909/934/259/"
"520","HIP","/997/8/567/688/695/1089/822/909/934/324/"
"521","HIP","/997/8/567/688/695/1089/822/909/934/371/"
"522","HIP","/997/8/567/688/695/1089/822/909/934/419/"
"523","HIP","/997/8/567/688/695/1089/822/909/934/1133/"
"524","HIP","/997/8/567/688/695/1089/822/843/"
"525","HIP","/997/8/567/688/695/1089/822/843/10693/"
"526","HIP","/997/8/567/688/695/1089/822/843/10694/"
"527","HIP","/997/8/567/688/695/1089/822/843/10695/"
"528","HIP","/997/8/567/688/695/1089/822/1037/"
"529","HIP","/997/8/567/688/695/1089/822/1037/10696/"
"530","HIP","/997/8/567/688/695/1089/822/1037/10697/"
"531","HIP","/997/8/567/688/695/1089/822/1037/10698/"
"532","HIP","/997/8/567/688/695/1089/822/1084/"
"533","HIP","/997/8/567/688/695/1089/822/1084/10699/"
"534","HIP","/997/8/567/688/695/1089/822/1084/10700/"
"535","HIP","/997/8/567/688/695/1089/822/1084/10701/"
"536","HIP","/997/8/567/688/695/1089/822/502/"
"537","HIP","/997/8/567/688/695/1089/822/502/509/"
"538","HIP","/997/8/567/688/695/1089/822/502/509/829/"
"539","HIP","/997/8/567/688/695/1089/822/502/509/845/"
"540","HIP","/997/8/567/688/695/1089/822/502/509/837/"
"541","HIP","/997/8/567/688/695/1089/822/502/518/"
"542","HIP","/997/8/567/688/695/1089/822/502/518/853/"
"543","HIP","/997/8/567/688/695/1089/822/502/518/870/"
"544","HIP","/997/8/567/688/695/1089/822/502/518/861/"
"545","HIP","/997/8/567/688/695/1089/822/484682470/"
"546","HIP","/997/8/567/688/695/1089/822/484682470/484682475/"
"547","HIP","/997/8/567/688/695/1089/822/484682470/484682475/484682479/"
"548","HIP","/997/8/567/688/695/1089/822/484682470/484682475/484682483/"
"549","HIP","/997/8/567/688/695/1089/822/484682470/484682475/484682487/"
"550","HIP","/997/8/567/688/695/1089/822/484682470/484682492/"
"551","HIP","/997/8/567/688/695/1089/822/484682470/484682492/484682496/"
"552","HIP","/997/8/567/688/695/1089/822/484682470/484682492/484682500/"
"553","HIP","/997/8/567/688/695/1089/822/484682470/484682492/484682504/"
"554","HIP","/997/8/567/688/695/1089/822/589508447/"
"555","HIP","/997/8/567/688/695/1089/822/484682508/"
"556","undefined","/997/8/567/688/703/"
"557","undefined","/997/8/567/688/703/16/"
"558","undefined","/997/8/567/688/703/583/"
"559","undefined","/997/8/567/688/703/942/"
"560","undefined","/997/8/567/688/703/942/952/"
"561","undefined","/997/8/567/688/703/942/966/"
"562","AMY","/997/8/567/688/703/131/"
"563","AMY","/997/8/567/688/703/295/"
"564","AMY","/997/8/567/688/703/295/303/"
"565","AMY","/997/8/567/688/703/295/311/"
"566","AMY","/997/8/567/688/703/295/451/"
"567","AMY","/997/8/567/688/703/319/"
"568","AMY","/997/8/567/688/703/319/327/"
"569","AMY","/997/8/567/688/703/319/334/"
"570","AMY","/997/8/567/688/703/780/"
"571","undefined","/997/8/567/623/"
"572","undefined","/997/8/567/623/477/"
"573","undefined","/997/8/567/623/477/485/"
"574","undefined","/997/8/567/623/477/485/672/"
"575","undefined","/997/8/567/623/477/493/"
"576","undefined","/997/8/567/623/477/493/56/"
"577","undefined","/997/8/567/623/477/493/998/"
"578","undefined","/997/8/567/623/477/493/754/"
"579","undefined","/997/8/567/623/477/493/754/481/"
"580","undefined","/997/8/567/623/477/493/754/489/"
"581","undefined","/997/8/567/623/477/493/754/144/"
"582","undefined","/997/8/567/623/477/493/754/458/"
"583","undefined","/997/8/567/623/477/493/754/465/"
"584","undefined","/997/8/567/623/477/493/754/473/"
"585","undefined","/997/8/567/623/477/493/549009199/"
"586","undefined","/997/8/567/623/477/275/"
"587","undefined","/997/8/567/623/477/275/242/"
"588","undefined","/997/8/567/623/477/275/242/250/"
"589","undefined","/997/8/567/623/477/275/242/258/"
"590","undefined","/997/8/567/623/477/275/242/266/"
"591","undefined","/997/8/567/623/477/275/310/"
"592","undefined","/997/8/567/623/477/275/333/"
"593","undefined","/997/8/567/623/477/278/"
"594","undefined","/997/8/567/623/477/278/23/"
"595","undefined","/997/8/567/623/477/278/292/"
"596","undefined","/997/8/567/623/477/278/536/"
"597","undefined","/997/8/567/623/477/278/536/544/"
"598","undefined","/997/8/567/623/477/278/536/551/"
"599","undefined","/997/8/567/623/477/278/536/559/"
"600","undefined","/997/8/567/623/477/278/1105/"
"601","undefined","/997/8/567/623/477/278/403/"
"602","undefined","/997/8/567/623/477/278/403/411/"
"603","undefined","/997/8/567/623/477/278/403/418/"
"604","undefined","/997/8/567/623/477/278/403/426/"
"605","undefined","/997/8/567/623/477/278/403/426/472/"
"606","undefined","/997/8/567/623/477/278/403/426/480/"
"607","undefined","/997/8/567/623/477/278/403/426/487/"
"608","undefined","/997/8/567/623/477/278/403/435/"
"609","undefined","/997/8/567/623/803/"
"610","undefined","/997/8/567/623/803/818/"
"611","undefined","/997/8/567/623/803/818/1022/"
"612","undefined","/997/8/567/623/803/818/1031/"
"613","undefined","/997/8/567/623/803/835/"
"614","undefined","/997/8/567/623/803/835/342/"
"615","undefined","/997/8/567/623/803/835/298/"
"616","undefined","/997/8/567/623/803/826/"
"617","undefined","/997/8/567/623/803/826/904/"
"618","undefined","/997/8/567/623/803/826/904/564/"
"619","undefined","/997/8/567/623/803/826/904/596/"
"620","undefined","/997/8/567/623/803/826/581/"
"621","undefined","/997/8/567/623/803/809/"
"622","undefined","/997/8/567/623/803/809/351/"
"623","undefined","/997/8/567/623/803/809/351/359/"
"624","undefined","/997/8/567/623/803/809/351/359/537/"
"625","undefined","/997/8/567/623/803/809/351/359/498/"
"626","undefined","/997/8/567/623/803/809/351/359/505/"
"627","undefined","/997/8/567/623/803/809/351/359/513/"
"628","undefined","/997/8/567/623/803/809/351/359/546/"
"629","undefined","/997/8/567/623/803/809/351/359/521/"
"630","undefined","/997/8/567/623/803/809/351/359/554/"
"631","undefined","/997/8/567/623/803/809/351/359/562/"
"632","undefined","/997/8/567/623/803/809/351/359/529/"
"633","undefined","/997/8/567/623/803/809/351/367/"
"634","undefined","/997/8/567/623/803/809/351/367/569/"
"635","undefined","/997/8/567/623/803/809/351/367/578/"
"636","undefined","/997/8/567/623/803/809/351/367/585/"
"637","undefined","/997/8/567/623/803/809/351/367/594/"
"638","undefined","/997/8/567/623/803/809/351/367/602/"
"639","undefined","/997/8/567/623/803/809/287/"
"640","undefined","/997/8/343/"
"641","undefined","/997/8/343/1129/"
"642","TH","/997/8/343/1129/549/"
"643","TH","/997/8/343/1129/549/864/"
"644","TH","/997/8/343/1129/549/864/637/"
"645","TH","/997/8/343/1129/549/864/637/629/"
"646","TH","/997/8/343/1129/549/864/637/685/"
"647","TH","/997/8/343/1129/549/864/637/709/"
"648","TH","/997/8/343/1129/549/864/637/709/718/"
"649","TH","/997/8/343/1129/549/864/637/709/725/"
"650","TH","/997/8/343/1129/549/864/637/709/733/"
"651","TH","/997/8/343/1129/549/864/637/709/741/"
"652","TH","/997/8/343/1129/549/864/637/563807435/"
"653","TH","/997/8/343/1129/549/864/406/"
"654","TH","/997/8/343/1129/549/864/406/414/"
"655","TH","/997/8/343/1129/549/864/406/422/"
"656","TH","/997/8/343/1129/549/864/609/"
"657","TH","/997/8/343/1129/549/864/1044/"
"658","MG","/997/8/343/1129/549/864/1008/"
"659","MG","/997/8/343/1129/549/864/1008/475/"
"660","MG","/997/8/343/1129/549/864/1008/475/1072/"
"661","MG","/997/8/343/1129/549/864/1008/475/1079/"
"662","MG","/997/8/343/1129/549/864/1008/475/1088/"
"663","MG","/997/8/343/1129/549/864/1008/170/"
"664","MG","/997/8/343/1129/549/864/1008/170/496345664/"
"665","MG","/997/8/343/1129/549/864/1008/170/496345668/"
"666","MG","/997/8/343/1129/549/864/1008/170/496345672/"
"667","TH","/997/8/343/1129/549/856/"
"668","TH","/997/8/343/1129/549/856/138/"
"669","TH","/997/8/343/1129/549/856/138/218/"
"670","TH","/997/8/343/1129/549/856/138/1020/"
"671","TH","/997/8/343/1129/549/856/138/1029/"
"672","TH","/997/8/343/1129/549/856/138/325/"
"673","TH","/997/8/343/1129/549/856/138/560581551/"
"674","TH","/997/8/343/1129/549/856/138/560581555/"
"675","TH","/997/8/343/1129/549/856/239/"
"676","TH","/997/8/343/1129/549/856/239/255/"
"677","TH","/997/8/343/1129/549/856/239/127/"
"678","TH","/997/8/343/1129/549/856/239/127/1096/"
"679","TH","/997/8/343/1129/549/856/239/127/1104/"
"680","TH","/997/8/343/1129/549/856/239/64/"
"681","TH","/997/8/343/1129/549/856/239/1120/"
"682","TH","/997/8/343/1129/549/856/239/1113/"
"683","TH","/997/8/343/1129/549/856/239/155/"
"684","TH","/997/8/343/1129/549/856/444/"
"685","TH","/997/8/343/1129/549/856/444/59/"
"686","TH","/997/8/343/1129/549/856/444/362/"
"687","TH","/997/8/343/1129/549/856/444/362/617/"
"688","TH","/997/8/343/1129/549/856/444/362/626/"
"689","TH","/997/8/343/1129/549/856/444/362/636/"
"690","TH","/997/8/343/1129/549/856/444/366/"
"691","TH","/997/8/343/1129/549/856/444/1077/"
"692","TH","/997/8/343/1129/549/856/571/"
"693","TH","/997/8/343/1129/549/856/571/149/"
"694","TH","/997/8/343/1129/549/856/571/15/"
"695","TH","/997/8/343/1129/549/856/571/181/"
"696","TH","/997/8/343/1129/549/856/571/560581559/"
"697","TH","/997/8/343/1129/549/856/51/"
"698","TH","/997/8/343/1129/549/856/51/189/"
"699","TH","/997/8/343/1129/549/856/51/599/"
"700","TH","/997/8/343/1129/549/856/51/907/"
"701","TH","/997/8/343/1129/549/856/51/575/"
"702","TH","/997/8/343/1129/549/856/51/930/"
"703","TH","/997/8/343/1129/549/856/51/560581563/"
"704","TH","/997/8/343/1129/549/856/262/"
"705","TH","/997/8/343/1129/549/856/1014/"
"706","TH","/997/8/343/1129/549/856/1014/27/"
"707","TH","/997/8/343/1129/549/856/1014/563807439/"
"708","TH","/997/8/343/1129/549/856/1014/178/"
"709","TH","/997/8/343/1129/549/856/1014/178/300/"
"710","TH","/997/8/343/1129/549/856/1014/178/316/"
"711","TH","/997/8/343/1129/549/856/1014/321/"
"712","TH","/997/8/343/1129/549/856/958/"
"713","TH","/997/8/343/1129/549/856/958/483/"
"714","TH","/997/8/343/1129/549/856/958/186/"
"715","TH","/997/8/343/1129/549/856/958/953/"
"716","undefined","/997/8/343/1129/1097/"
"717","undefined","/997/8/343/1129/1097/157/"
"718","undefined","/997/8/343/1129/1097/157/390/"
"719","undefined","/997/8/343/1129/1097/157/332/"
"720","undefined","/997/8/343/1129/1097/157/332/432/"
"721","undefined","/997/8/343/1129/1097/157/38/"
"722","undefined","/997/8/343/1129/1097/157/38/71/"
"723","undefined","/997/8/343/1129/1097/157/38/71/47/"
"724","undefined","/997/8/343/1129/1097/157/38/71/79/"
"725","undefined","/997/8/343/1129/1097/157/38/71/103/"
"726","undefined","/997/8/343/1129/1097/157/38/71/103/652/"
"727","undefined","/997/8/343/1129/1097/157/38/71/103/660/"
"728","undefined","/997/8/343/1129/1097/157/38/94/"
"729","undefined","/997/8/343/1129/1097/157/38/94/55/"
"730","undefined","/997/8/343/1129/1097/157/38/94/87/"
"731","undefined","/997/8/343/1129/1097/157/38/94/110/"
"732","undefined","/997/8/343/1129/1097/157/30/"
"733","undefined","/997/8/343/1129/1097/157/118/"
"734","undefined","/997/8/343/1129/1097/157/223/"
"735","undefined","/997/8/343/1129/1097/141/"
"736","undefined","/997/8/343/1129/1097/141/72/"
"737","undefined","/997/8/343/1129/1097/141/80/"
"738","undefined","/997/8/343/1129/1097/141/263/"
"739","undefined","/997/8/343/1129/1097/141/272/"
"740","undefined","/997/8/343/1129/1097/141/830/"
"741","undefined","/997/8/343/1129/1097/141/830/668/"
"742","undefined","/997/8/343/1129/1097/141/830/676/"
"743","undefined","/997/8/343/1129/1097/141/830/684/"
"744","undefined","/997/8/343/1129/1097/141/452/"
"745","undefined","/997/8/343/1129/1097/141/523/"
"746","undefined","/997/8/343/1129/1097/141/763/"
"747","undefined","/997/8/343/1129/1097/141/914/"
"748","undefined","/997/8/343/1129/1097/141/1109/"
"749","undefined","/997/8/343/1129/1097/141/1124/"
"750","undefined","/997/8/343/1129/1097/141/126/"
"751","undefined","/997/8/343/1129/1097/141/133/"
"752","undefined","/997/8/343/1129/1097/141/347/"
"753","undefined","/997/8/343/1129/1097/141/286/"
"754","undefined","/997/8/343/1129/1097/141/338/"
"755","undefined","/997/8/343/1129/1097/141/576073699/"
"756","undefined","/997/8/343/1129/1097/141/689/"
"757","undefined","/997/8/343/1129/1097/467/"
"758","undefined","/997/8/343/1129/1097/467/88/"
"759","undefined","/997/8/343/1129/1097/467/88/700/"
"760","undefined","/997/8/343/1129/1097/467/88/708/"
"761","undefined","/997/8/343/1129/1097/467/88/716/"
"762","undefined","/997/8/343/1129/1097/467/88/724/"
"763","undefined","/997/8/343/1129/1097/467/331/"
"764","undefined","/997/8/343/1129/1097/467/331/210/"
"765","undefined","/997/8/343/1129/1097/467/331/491/"
"766","undefined","/997/8/343/1129/1097/467/331/491/732/"
"767","undefined","/997/8/343/1129/1097/467/331/491/606826647/"
"768","undefined","/997/8/343/1129/1097/467/331/491/606826651/"
"769","undefined","/997/8/343/1129/1097/467/331/491/606826655/"
"770","undefined","/997/8/343/1129/1097/467/331/491/606826659/"
"771","undefined","/997/8/343/1129/1097/467/331/525/"
"772","undefined","/997/8/343/1129/1097/467/331/525/1110/"
"773","undefined","/997/8/343/1129/1097/467/331/525/1118/"
"774","undefined","/997/8/343/1129/1097/467/331/557/"
"775","undefined","/997/8/343/1129/1097/467/331/557/1126/"
"776","undefined","/997/8/343/1129/1097/467/331/557/1/"
"777","undefined","/997/8/343/1129/1097/467/515/"
"778","undefined","/997/8/343/1129/1097/467/515/740/"
"779","undefined","/997/8/343/1129/1097/467/515/748/"
"780","undefined","/997/8/343/1129/1097/467/515/756/"
"781","undefined","/997/8/343/1129/1097/467/980/"
"782","undefined","/997/8/343/1129/1097/467/1004/"
"783","undefined","/997/8/343/1129/1097/467/63/"
"784","undefined","/997/8/343/1129/1097/467/63/439/"
"785","undefined","/997/8/343/1129/1097/467/63/447/"
"786","undefined","/997/8/343/1129/1097/467/63/455/"
"787","undefined","/997/8/343/1129/1097/467/63/464/"
"788","undefined","/997/8/343/1129/1097/467/693/"
"789","undefined","/997/8/343/1129/1097/467/693/761/"
"790","undefined","/997/8/343/1129/1097/467/693/769/"
"791","undefined","/997/8/343/1129/1097/467/693/777/"
"792","undefined","/997/8/343/1129/1097/467/693/785/"
"793","undefined","/997/8/343/1129/1097/467/946/"
"794","undefined","/997/8/343/1129/1097/290/"
"795","undefined","/997/8/343/1129/1097/290/194/"
"796","undefined","/997/8/343/1129/1097/290/226/"
"797","undefined","/997/8/343/1129/1097/290/356/"
"798","undefined","/997/8/343/1129/1097/290/364/"
"799","undefined","/997/8/343/1129/1097/290/576073704/"
"800","undefined","/997/8/343/1129/1097/290/173/"
"801","undefined","/997/8/343/1129/1097/290/470/"
"802","undefined","/997/8/343/1129/1097/290/614/"
"803","undefined","/997/8/343/1129/1097/290/797/"
"804","undefined","/997/8/343/1129/1097/290/797/796/"
"805","undefined","/997/8/343/1129/1097/290/797/804/"
"806","undefined","/997/8/343/1129/1097/10671/"
"807","undefined","/997/8/343/313/"
"808","undefined","/997/8/343/313/339/"
"809","undefined","/997/8/343/313/339/302/"
"810","undefined","/997/8/343/313/339/302/851/"
"811","undefined","/997/8/343/313/339/302/842/"
"812","undefined","/997/8/343/313/339/302/834/"
"813","undefined","/997/8/343/313/339/4/"
"814","undefined","/997/8/343/313/339/4/811/"
"815","undefined","/997/8/343/313/339/4/820/"
"816","undefined","/997/8/343/313/339/4/828/"
"817","undefined","/997/8/343/313/339/580/"
"818","undefined","/997/8/343/313/339/271/"
"819","undefined","/997/8/343/313/339/874/"
"820","undefined","/997/8/343/313/339/460/"
"821","undefined","/997/8/343/313/339/599626923/"
"822","undefined","/997/8/343/313/323/"
"823","undefined","/997/8/343/313/323/381/"
"824","undefined","/997/8/343/313/323/749/"
"825","undefined","/997/8/343/313/323/607344830/"
"826","undefined","/997/8/343/313/323/246/"
"827","undefined","/997/8/343/313/323/128/"
"828","undefined","/997/8/343/313/323/128/539/"
"829","undefined","/997/8/343/313/323/128/548/"
"830","undefined","/997/8/343/313/323/128/555/"
"831","undefined","/997/8/343/313/323/294/"
"832","undefined","/997/8/343/313/323/294/26/"
"833","undefined","/997/8/343/313/323/294/42/"
"834","undefined","/997/8/343/313/323/294/17/"
"835","undefined","/997/8/343/313/323/294/10/"
"836","undefined","/997/8/343/313/323/294/10/494/"
"837","undefined","/997/8/343/313/323/294/10/503/"
"838","undefined","/997/8/343/313/323/294/10/511/"
"839","undefined","/997/8/343/313/323/795/"
"840","undefined","/997/8/343/313/323/795/50/"
"841","undefined","/997/8/343/313/323/795/67/"
"842","undefined","/997/8/343/313/323/795/587/"
"843","undefined","/997/8/343/313/323/795/614454277/"
"844","undefined","/997/8/343/313/323/1100/"
"845","undefined","/997/8/343/313/323/1100/215/"
"846","undefined","/997/8/343/313/323/1100/531/"
"847","undefined","/997/8/343/313/323/1100/628/"
"848","undefined","/997/8/343/313/323/1100/634/"
"849","undefined","/997/8/343/313/323/1100/706/"
"850","undefined","/997/8/343/313/323/1100/1061/"
"851","undefined","/997/8/343/313/323/1100/549009203/"
"852","undefined","/997/8/343/313/323/549009207/"
"853","undefined","/997/8/343/313/323/616/"
"854","undefined","/997/8/343/313/323/214/"
"855","undefined","/997/8/343/313/323/35/"
"856","undefined","/997/8/343/313/323/549009211/"
"857","undefined","/997/8/343/313/323/975/"
"858","undefined","/997/8/343/313/323/115/"
"859","undefined","/997/8/343/313/323/606826663/"
"860","undefined","/997/8/343/313/323/757/"
"861","undefined","/997/8/343/313/323/231/"
"862","undefined","/997/8/343/313/323/66/"
"863","undefined","/997/8/343/313/323/75/"
"864","undefined","/997/8/343/313/323/58/"
"865","undefined","/997/8/343/313/323/615/"
"866","undefined","/997/8/343/313/348/"
"867","undefined","/997/8/343/313/348/374/"
"868","undefined","/997/8/343/313/348/1052/"
"869","undefined","/997/8/343/313/348/165/"
"870","undefined","/997/8/343/313/348/165/12/"
"871","undefined","/997/8/343/313/348/165/100/"
"872","undefined","/997/8/343/313/348/165/100/607344834/"
"873","undefined","/997/8/343/313/348/165/100/607344838/"
"874","undefined","/997/8/343/313/348/165/100/607344842/"
"875","undefined","/997/8/343/313/348/165/100/607344846/"
"876","undefined","/997/8/343/313/348/165/100/607344850/"
"877","undefined","/997/8/343/313/348/165/100/607344854/"
"878","undefined","/997/8/343/313/348/165/100/607344858/"
"879","undefined","/997/8/343/313/348/165/100/607344862/"
"880","undefined","/997/8/343/313/348/165/197/"
"881","undefined","/997/8/343/313/348/165/591/"
"882","undefined","/997/8/343/313/348/165/872/"
"883","undefined","/997/8/343/1065/"
"884","undefined","/997/8/343/1065/771/"
"885","undefined","/997/8/343/1065/771/1132/"
"886","undefined","/997/8/343/1065/771/1132/612/"
"887","undefined","/997/8/343/1065/771/1132/612/82/"
"888","undefined","/997/8/343/1065/771/1132/612/90/"
"889","undefined","/997/8/343/1065/771/1132/612/99/"
"890","undefined","/997/8/343/1065/771/1132/7/"
"891","undefined","/997/8/343/1065/771/1132/867/"
"892","undefined","/997/8/343/1065/771/1132/867/123/"
"893","undefined","/997/8/343/1065/771/1132/867/881/"
"894","undefined","/997/8/343/1065/771/1132/867/881/860/"
"895","undefined","/997/8/343/1065/771/1132/867/881/868/"
"896","undefined","/997/8/343/1065/771/1132/867/881/875/"
"897","undefined","/997/8/343/1065/771/1132/867/881/883/"
"898","undefined","/997/8/343/1065/771/1132/867/881/891/"
"899","undefined","/997/8/343/1065/771/1132/867/890/"
"900","undefined","/997/8/343/1065/771/1132/867/890/899/"
"901","undefined","/997/8/343/1065/771/1132/867/890/915/"
"902","undefined","/997/8/343/1065/771/1132/867/890/923/"
"903","undefined","/997/8/343/1065/771/1132/398/"
"904","undefined","/997/8/343/1065/771/1132/398/122/"
"905","undefined","/997/8/343/1065/771/1132/398/105/"
"906","undefined","/997/8/343/1065/771/1132/398/114/"
"907","undefined","/997/8/343/1065/771/987/"
"908","undefined","/997/8/343/1065/771/987/280/"
"909","undefined","/997/8/343/1065/771/987/880/"
"910","undefined","/997/8/343/1065/771/987/283/"
"911","undefined","/997/8/343/1065/771/987/599626927/"
"912","undefined","/997/8/343/1065/771/987/898/"
"913","undefined","/997/8/343/1065/771/987/931/"
"914","undefined","/997/8/343/1065/771/987/1093/"
"915","undefined","/997/8/343/1065/771/987/552/"
"916","undefined","/997/8/343/1065/771/987/318/"
"917","undefined","/997/8/343/1065/771/987/462/"
"918","undefined","/997/8/343/1065/771/987/534/"
"919","undefined","/997/8/343/1065/771/987/574/"
"920","undefined","/997/8/343/1065/771/987/621/"
"921","undefined","/997/8/343/1065/771/987/549009215/"
"922","undefined","/997/8/343/1065/771/987/549009219/"
"923","undefined","/997/8/343/1065/771/987/549009223/"
"924","undefined","/997/8/343/1065/771/987/549009227/"
"925","undefined","/997/8/343/1065/771/1117/"
"926","undefined","/997/8/343/1065/771/1117/679/"
"927","undefined","/997/8/343/1065/771/1117/679/137/"
"928","undefined","/997/8/343/1065/771/1117/679/130/"
"929","undefined","/997/8/343/1065/771/1117/147/"
"930","undefined","/997/8/343/1065/771/1117/162/"
"931","undefined","/997/8/343/1065/771/1117/604/"
"932","undefined","/997/8/343/1065/771/1117/146/"
"933","undefined","/997/8/343/1065/771/1117/238/"
"934","undefined","/997/8/343/1065/771/1117/350/"
"935","undefined","/997/8/343/1065/771/1117/358/"
"936","undefined","/997/8/343/1065/354/"
"937","undefined","/997/8/343/1065/354/386/"
"938","undefined","/997/8/343/1065/354/386/207/"
"939","undefined","/997/8/343/1065/354/386/607/"
"940","undefined","/997/8/343/1065/354/386/607/112/"
"941","undefined","/997/8/343/1065/354/386/607/560/"
"942","undefined","/997/8/343/1065/354/386/607/96/"
"943","undefined","/997/8/343/1065/354/386/607/101/"
"944","undefined","/997/8/343/1065/354/386/720/"
"945","undefined","/997/8/343/1065/354/386/720/711/"
"946","undefined","/997/8/343/1065/354/386/720/1039/"
"947","undefined","/997/8/343/1065/354/386/903/"
"948","undefined","/997/8/343/1065/354/386/642/"
"949","undefined","/997/8/343/1065/354/386/651/"
"950","undefined","/997/8/343/1065/354/386/651/659/"
"951","undefined","/997/8/343/1065/354/386/651/666/"
"952","undefined","/997/8/343/1065/354/386/651/674/"
"953","undefined","/997/8/343/1065/354/386/651/682/"
"954","undefined","/997/8/343/1065/354/386/651/691/"
"955","undefined","/997/8/343/1065/354/386/429/"
"956","undefined","/997/8/343/1065/354/386/437/"
"957","undefined","/997/8/343/1065/354/386/445/"
"958","undefined","/997/8/343/1065/354/386/445/77/"
"959","undefined","/997/8/343/1065/354/386/445/53/"
"960","undefined","/997/8/343/1065/354/386/445/61/"
"961","undefined","/997/8/343/1065/354/386/445/45/"
"962","undefined","/997/8/343/1065/354/386/445/69/"
"963","undefined","/997/8/343/1065/354/386/589508451/"
"964","undefined","/997/8/343/1065/354/386/789/"
"965","undefined","/997/8/343/1065/354/370/"
"966","undefined","/997/8/343/1065/354/370/653/"
"967","undefined","/997/8/343/1065/354/370/568/"
"968","undefined","/997/8/343/1065/354/370/661/"
"969","undefined","/997/8/343/1065/354/370/576/"
"970","undefined","/997/8/343/1065/354/370/640/"
"971","undefined","/997/8/343/1065/354/370/135/"
"972","undefined","/997/8/343/1065/354/370/135/939/"
"973","undefined","/997/8/343/1065/354/370/135/143/"
"974","undefined","/997/8/343/1065/354/370/839/"
"975","undefined","/997/8/343/1065/354/370/887/"
"976","undefined","/997/8/343/1065/354/370/1048/"
"977","undefined","/997/8/343/1065/354/370/372/"
"978","undefined","/997/8/343/1065/354/370/83/"
"979","undefined","/997/8/343/1065/354/370/136/"
"980","undefined","/997/8/343/1065/354/370/106/"
"981","undefined","/997/8/343/1065/354/370/203/"
"982","undefined","/997/8/343/1065/354/370/235/"
"983","undefined","/997/8/343/1065/354/370/235/955/"
"984","undefined","/997/8/343/1065/354/370/235/963/"
"985","undefined","/997/8/343/1065/354/370/307/"
"986","undefined","/997/8/343/1065/354/370/395/"
"987","undefined","/997/8/343/1065/354/370/395/1098/"
"988","undefined","/997/8/343/1065/354/370/395/1107/"
"989","undefined","/997/8/343/1065/354/370/852/"
"990","undefined","/997/8/343/1065/354/370/859/"
"991","undefined","/997/8/343/1065/354/370/938/"
"992","undefined","/997/8/343/1065/354/370/938/970/"
"993","undefined","/997/8/343/1065/354/370/938/978/"
"994","undefined","/997/8/343/1065/354/370/154/"
"995","undefined","/997/8/343/1065/354/370/154/161/"
"996","undefined","/997/8/343/1065/354/370/154/177/"
"997","undefined","/997/8/343/1065/354/370/154/169/"
"998","undefined","/997/8/343/1065/354/370/995/"
"999","undefined","/997/8/343/1065/354/370/1069/"
"1000","undefined","/997/8/343/1065/354/370/1069/185/"
"1001","undefined","/997/8/343/1065/354/370/1069/193/"
"1002","undefined","/997/8/343/1065/354/370/701/"
"1003","undefined","/997/8/343/1065/354/370/701/209/"
"1004","undefined","/997/8/343/1065/354/370/701/202/"
"1005","undefined","/997/8/343/1065/354/370/701/225/"
"1006","undefined","/997/8/343/1065/354/370/701/217/"
"1007","undefined","/997/8/343/1065/354/370/765/"
"1008","undefined","/997/8/343/1065/354/370/773/"
"1009","undefined","/997/8/343/1065/354/370/781/"
"1010","undefined","/997/8/343/1065/354/370/76/"
"1011","undefined","/997/8/343/1065/354/379/"
"1012","undefined","/997/8/343/1065/354/379/206/"
"1013","undefined","/997/8/343/1065/354/379/230/"
"1014","undefined","/997/8/343/1065/354/379/222/"
"1015","undefined","/997/8/512/"
"1016","undefined","/997/8/512/528/"
"1017","undefined","/997/8/512/528/1144/"
"1018","undefined","/997/8/512/528/1145/"
"1019","undefined","/997/8/512/528/1143/"
"1020","undefined","/997/8/512/528/645/"
"1021","undefined","/997/8/512/528/645/912/"
"1022","undefined","/997/8/512/528/645/912/10707/"
"1023","undefined","/997/8/512/528/645/912/10706/"
"1024","undefined","/997/8/512/528/645/912/10705/"
"1025","undefined","/997/8/512/528/645/920/"
"1026","undefined","/997/8/512/528/645/920/976/"
"1027","undefined","/997/8/512/528/645/920/976/10710/"
"1028","undefined","/997/8/512/528/645/920/976/10709/"
"1029","undefined","/997/8/512/528/645/920/976/10708/"
"1030","undefined","/997/8/512/528/645/920/984/"
"1031","undefined","/997/8/512/528/645/920/984/10713/"
"1032","undefined","/997/8/512/528/645/920/984/10712/"
"1033","undefined","/997/8/512/528/645/920/984/10711/"
"1034","undefined","/997/8/512/528/645/928/"
"1035","undefined","/997/8/512/528/645/928/992/"
"1036","undefined","/997/8/512/528/645/928/992/10716/"
"1037","undefined","/997/8/512/528/645/928/992/10715/"
"1038","undefined","/997/8/512/528/645/928/992/10714/"
"1039","undefined","/997/8/512/528/645/928/1001/"
"1040","undefined","/997/8/512/528/645/928/1001/10719/"
"1041","undefined","/997/8/512/528/645/928/1001/10718/"
"1042","undefined","/997/8/512/528/645/928/1001/10717/"
"1043","undefined","/997/8/512/528/645/928/1091/"
"1044","undefined","/997/8/512/528/645/928/1091/10722/"
"1045","undefined","/997/8/512/528/645/928/1091/10721/"
"1046","undefined","/997/8/512/528/645/928/1091/10720/"
"1047","undefined","/997/8/512/528/645/936/"
"1048","undefined","/997/8/512/528/645/936/10725/"
"1049","undefined","/997/8/512/528/645/936/10724/"
"1050","undefined","/997/8/512/528/645/936/10723/"
"1051","undefined","/997/8/512/528/645/944/"
"1052","undefined","/997/8/512/528/645/944/10728/"
"1053","undefined","/997/8/512/528/645/944/10727/"
"1054","undefined","/997/8/512/528/645/944/10726/"
"1055","undefined","/997/8/512/528/645/951/"
"1056","undefined","/997/8/512/528/645/951/10731/"
"1057","undefined","/997/8/512/528/645/951/10730/"
"1058","undefined","/997/8/512/528/645/951/10729/"
"1059","undefined","/997/8/512/528/645/957/"
"1060","undefined","/997/8/512/528/645/957/10734/"
"1061","undefined","/997/8/512/528/645/957/10733/"
"1062","undefined","/997/8/512/528/645/957/10732/"
"1063","undefined","/997/8/512/528/645/968/"
"1064","undefined","/997/8/512/528/645/968/10737/"
"1065","undefined","/997/8/512/528/645/968/10736/"
"1066","undefined","/997/8/512/528/645/968/10735/"
"1067","undefined","/997/8/512/528/1073/"
"1068","undefined","/997/8/512/528/1073/1007/"
"1069","undefined","/997/8/512/528/1073/1007/10674/"
"1070","undefined","/997/8/512/528/1073/1007/10673/"
"1071","undefined","/997/8/512/528/1073/1007/10672/"
"1072","undefined","/997/8/512/528/1073/1017/"
"1073","undefined","/997/8/512/528/1073/1017/1056/"
"1074","undefined","/997/8/512/528/1073/1017/1056/10677/"
"1075","undefined","/997/8/512/528/1073/1017/1056/10676/"
"1076","undefined","/997/8/512/528/1073/1017/1056/10675/"
"1077","undefined","/997/8/512/528/1073/1017/1064/"
"1078","undefined","/997/8/512/528/1073/1017/1064/10680/"
"1079","undefined","/997/8/512/528/1073/1017/1064/10679/"
"1080","undefined","/997/8/512/528/1073/1017/1064/10678/"
"1081","undefined","/997/8/512/528/1073/1025/"
"1082","undefined","/997/8/512/528/1073/1025/10683/"
"1083","undefined","/997/8/512/528/1073/1025/10682/"
"1084","undefined","/997/8/512/528/1073/1025/10681/"
"1085","undefined","/997/8/512/528/1073/1033/"
"1086","undefined","/997/8/512/528/1073/1033/10686/"
"1087","undefined","/997/8/512/528/1073/1033/10685/"
"1088","undefined","/997/8/512/528/1073/1033/10684/"
"1089","undefined","/997/8/512/528/1073/1041/"
"1090","undefined","/997/8/512/528/1073/1041/10689/"
"1091","undefined","/997/8/512/528/1073/1041/10688/"
"1092","undefined","/997/8/512/528/1073/1041/10687/"
"1093","undefined","/997/8/512/528/1073/1049/"
"1094","undefined","/997/8/512/528/1073/1049/10692/"
"1095","undefined","/997/8/512/528/1073/1049/10691/"
"1096","undefined","/997/8/512/528/1073/1049/10690/"
"1097","undefined","/997/8/512/519/"
"1098","undefined","/997/8/512/519/989/"
"1099","undefined","/997/8/512/519/91/"
"1100","undefined","/997/8/512/519/846/"
"1101","undefined","/997/8/512/519/589508455/"
"1102","undefined","/997/1009/"
"1103","undefined","/997/1009/967/"
"1104","undefined","/997/1009/967/885/"
"1105","undefined","/997/1009/967/949/"
"1106","undefined","/997/1009/967/840/"
"1107","undefined","/997/1009/967/840/1016/"
"1108","undefined","/997/1009/967/840/21/"
"1109","undefined","/997/1009/967/840/21/665/"
"1110","undefined","/997/1009/967/840/21/538/"
"1111","undefined","/997/1009/967/840/21/459/"
"1112","undefined","/997/1009/967/840/900/"
"1113","undefined","/997/1009/967/848/"
"1114","undefined","/997/1009/967/848/876/"
"1115","undefined","/997/1009/967/848/916/"
"1116","undefined","/997/1009/967/848/336/"
"1117","undefined","/997/1009/967/848/117/"
"1118","undefined","/997/1009/967/848/125/"
"1119","undefined","/997/1009/967/848/357/"
"1120","undefined","/997/1009/967/832/"
"1121","undefined","/997/1009/967/832/62/"
"1122","undefined","/997/1009/967/832/158/"
"1123","undefined","/997/1009/967/911/"
"1124","undefined","/997/1009/967/911/384/"
"1125","undefined","/997/1009/967/710/"
"1126","undefined","/997/1009/967/901/"
"1127","undefined","/997/1009/967/901/93/"
"1128","undefined","/997/1009/967/901/229/"
"1129","undefined","/997/1009/967/901/229/705/"
"1130","undefined","/997/1009/967/901/229/794/"
"1131","undefined","/997/1009/967/798/"
"1132","undefined","/997/1009/967/798/1131/"
"1133","undefined","/997/1009/967/798/1116/"
"1134","undefined","/997/1009/967/933/"
"1135","undefined","/997/1009/967/933/1076/"
"1136","undefined","/997/1009/967/933/413/"
"1137","undefined","/997/1009/967/933/948/"
"1138","undefined","/997/1009/967/933/948/841/"
"1139","undefined","/997/1009/967/933/948/641/"
"1140","undefined","/997/1009/967/933/948/506/"
"1141","undefined","/997/1009/967/933/948/658/"
"1142","undefined","/997/1009/967/933/948/633/"
"1143","undefined","/997/1009/967/933/948/482/"
"1144","undefined","/997/1009/967/808/"
"1145","undefined","/997/1009/967/917/"
"1146","undefined","/997/1009/967/917/237/"
"1147","undefined","/997/1009/967/717/"
"1148","undefined","/997/1009/967/813/"
"1149","undefined","/997/1009/967/925/"
"1150","undefined","/997/1009/967/792/"
"1151","undefined","/997/1009/967/792/932/"
"1152","undefined","/997/1009/967/792/932/570/"
"1153","undefined","/997/1009/967/792/932/522/"
"1154","undefined","/997/1009/967/792/932/858/"
"1155","undefined","/997/1009/967/792/932/586/"
"1156","undefined","/997/1009/967/792/932/514/"
"1157","undefined","/997/1009/967/792/932/514/380/"
"1158","undefined","/997/1009/967/792/932/514/388/"
"1159","undefined","/997/1009/967/792/932/514/396/"
"1160","undefined","/997/1009/967/792/932/697/"
"1161","undefined","/997/1009/967/871/"
"1162","undefined","/997/1009/967/871/29/"
"1163","undefined","/997/1009/967/871/389/"
"1164","undefined","/997/1009/967/871/245/"
"1165","undefined","/997/1009/967/871/261/"
"1166","undefined","/997/1009/967/871/270/"
"1167","undefined","/997/1009/967/871/293/"
"1168","undefined","/997/1009/967/871/277/"
"1169","undefined","/997/1009/967/871/253/"
"1170","undefined","/997/1009/967/871/285/"
"1171","undefined","/997/1009/967/871/285/627/"
"1172","undefined","/997/1009/960/"
"1173","undefined","/997/1009/960/744/"
"1174","undefined","/997/1009/960/752/"
"1175","undefined","/997/1009/960/752/326/"
"1176","undefined","/997/1009/960/752/326/812/"
"1177","undefined","/997/1009/960/752/326/812/85/"
"1178","undefined","/997/1009/960/752/326/850/"
"1179","undefined","/997/1009/960/752/326/866/"
"1180","undefined","/997/1009/960/752/78/"
"1181","undefined","/997/1009/960/752/1123/"
"1182","undefined","/997/1009/960/752/1123/553/"
"1183","undefined","/997/1009/960/752/1123/499/"
"1184","undefined","/997/1009/960/752/1123/650/"
"1185","undefined","/997/1009/960/752/1123/490/"
"1186","undefined","/997/1009/960/752/1123/490/404/"
"1187","undefined","/997/1009/960/752/1123/490/410/"
"1188","undefined","/997/1009/960/752/373/"
"1189","undefined","/997/1009/960/728/"
"1190","undefined","/997/1009/484682512/"
"1191","undefined","/997/1009/983/"
"1192","undefined","/997/1009/983/776/"
"1193","undefined","/997/1009/983/776/956/"
"1194","undefined","/997/1009/983/776/956/579/"
"1195","undefined","/997/1009/983/776/964/"
"1196","undefined","/997/1009/983/776/1108/"
"1197","undefined","/997/1009/983/776/971/"
"1198","undefined","/997/1009/983/776/979/"
"1199","undefined","/997/1009/983/776/484682516/"
"1200","undefined","/997/1009/983/776/986/"
"1201","undefined","/997/1009/983/784/"
"1202","undefined","/997/1009/983/784/6/"
"1203","undefined","/997/1009/983/784/924/"
"1204","undefined","/997/1009/983/784/1036/"
"1205","undefined","/997/1009/983/784/1012/"
"1206","undefined","/997/1009/983/784/1003/"
"1207","undefined","/997/1009/983/784/994/"
"1208","undefined","/997/1009/983/784/190/"
"1209","undefined","/997/1009/983/784/198/"
"1210","undefined","/997/1009/983/784/1019/"
"1211","undefined","/997/1009/983/784/1028/"
"1212","undefined","/997/1009/983/896/"
"1213","undefined","/997/1009/983/896/1092/"
"1214","undefined","/997/1009/983/896/14/"
"1215","undefined","/997/1009/983/896/86/"
"1216","undefined","/997/1009/983/896/365/"
"1217","undefined","/997/1009/983/896/484682520/"
"1218","undefined","/997/1009/983/896/484682524/"
"1219","undefined","/997/1009/1000/"
"1220","undefined","/997/1009/1000/760/"
"1221","undefined","/997/1009/1000/760/142/"
"1222","undefined","/997/1009/1000/760/102/"
"1223","undefined","/997/1009/1000/760/109/"
"1224","undefined","/997/1009/1000/760/134/"
"1225","undefined","/997/1009/1000/760/309/"
"1226","undefined","/997/1009/1000/760/317/"
"1227","undefined","/997/1009/1000/877/"
"1228","undefined","/997/1009/1000/877/1051/"
"1229","undefined","/997/1009/1000/877/1060/"
"1230","undefined","/997/1009/1000/877/1043/"
"1231","undefined","/997/1009/1000/863/"
"1232","undefined","/997/1009/1000/863/397/"
"1233","undefined","/997/1009/1000/863/221/"
"1234","undefined","/997/1009/1000/736/"
"1235","undefined","/997/1009/1000/855/"
"1236","undefined","/997/1009/1000/855/205/"
"1237","undefined","/997/1009/1000/855/213/"
"1238","undefined","/997/1009/1000/941/"
"1239","undefined","/997/1009/991/"
"1240","undefined","/997/1009/991/768/"
"1241","undefined","/997/1009/991/768/884/"
"1242","undefined","/997/1009/991/768/892/"
"1243","undefined","/997/1009/991/768/908/"
"1244","undefined","/997/1009/991/768/940/"
"1245","undefined","/997/1009/991/768/1099/"
"1246","undefined","/997/1009/991/768/1099/466/"
"1247","undefined","/997/1009/991/768/1099/530/"
"1248","undefined","/997/1009/991/768/1099/603/"
"1249","undefined","/997/1009/991/768/1099/745/"
"1250","undefined","/997/1009/991/768/1099/745/420/"
"1251","undefined","/997/1009/991/768/1099/737/"
"1252","undefined","/997/1009/991/768/1099/737/428/"
"1253","undefined","/997/1009/991/768/1099/737/436/"
"1254","undefined","/997/1009/991/768/1099/618/"
"1255","undefined","/997/1009/991/768/1099/618/443/"
"1256","undefined","/997/1009/991/768/1099/618/449/"
"1257","undefined","/997/1009/991/768/1099/713/"
"1258","undefined","/997/1009/991/768/1099/474/"
"1259","undefined","/997/1009/991/768/37/"
"1260","undefined","/997/1009/991/768/301/"
"1261","undefined","/997/1009/991/768/301/484682528/"
"1262","undefined","/997/1009/991/824/"
"1263","undefined","/997/1009/991/824/54/"
"1264","undefined","/997/1009/991/824/405/"
"1265","undefined","/997/1009/991/824/174/"
"1266","undefined","/997/1009/991/824/349/"
"1267","undefined","/997/1009/991/824/349/817/"
"1268","undefined","/997/1009/991/824/349/825/"
"1269","undefined","/997/1009/991/824/349/833/"
"1270","undefined","/997/1009/991/824/166/"
"1271","undefined","/997/1009/991/824/341/"
"1272","undefined","/997/1009/991/824/182/"
"1273","undefined","/997/1009/991/824/182/762/"
"1274","undefined","/997/1009/991/824/182/770/"
"1275","undefined","/997/1009/991/824/182/779/"
"1276","undefined","/997/1009/991/824/182/787/"
"1277","undefined","/997/1009/991/824/150/"
"1278","undefined","/997/1009/991/824/46/"
"1279","undefined","/997/1009/991/824/46/753/"
"1280","undefined","/997/1009/991/824/46/690/"
"1281","undefined","/997/1009/991/824/46/681/"
"1282","undefined","/997/1009/991/824/46/673/"
"1283","undefined","/997/1009/991/824/1068/"
"1284","undefined","/997/1009/991/824/1068/722/"
"1285","undefined","/997/1009/991/824/1083/"
"1286","undefined","/997/1009/991/824/1083/802/"
"1287","undefined","/997/1009/991/824/1083/595/"
"1288","undefined","/997/1009/991/824/1083/611/"
"1289","undefined","/997/1009/991/824/1083/730/"
"1290","undefined","/997/1009/991/824/70/"
"1291","undefined","/997/1009/991/824/70/547/"
"1292","undefined","/997/1009/991/824/70/563/"
"1293","undefined","/997/73/"
"1294","undefined","/997/73/81/"
"1295","undefined","/997/73/81/89/"
"1296","undefined","/997/73/81/98/"
"1297","undefined","/997/73/81/108/"
"1298","undefined","/997/73/81/116/"
"1299","undefined","/997/73/124/"
"1300","undefined","/997/73/129/"
"1301","undefined","/997/73/140/"
"1302","undefined","/997/73/145/"
"1303","undefined","/997/73/145/153/"
"1304","undefined","/997/73/164/"
"1305","undefined","/997/1024/"
"1306","undefined","/997/1024/1032/"
"1307","undefined","/997/1024/1032/1055/"
"1308","undefined","/997/1024/1032/1063/"
"1309","undefined","/997/1024/1032/1071/"
"1310","undefined","/997/1024/1032/1078/"
"1311","undefined","/997/1024/1040/"
"1312","undefined","/997/1024/1040/1087/"
"1313","undefined","/997/1024/1040/1095/"
"1314","undefined","/997/1024/1040/1103/"
"1315","undefined","/997/1024/1040/1112/"
"1316","undefined","/997/1024/1040/1119/"
"1317","undefined","/997/1024/1040/3/"
"1318","undefined","/997/1024/1040/11/"
"1319","undefined","/997/1024/1040/18/"
"1320","undefined","/997/1024/1040/25/"
"1321","undefined","/997/1024/1040/34/"
"1322","undefined","/997/1024/1040/43/"
"1323","undefined","/997/1024/1040/49/"
"1324","undefined","/997/1024/1040/57/"
"1325","undefined","/997/1024/1040/65/"
"1326","undefined","/997/1024/624/"
"1327","undefined","/997/304325711/"
